{"cameraMode":{"drawMode":0,"name":"Shaded","section":"Shading Mode"},"sceneLighting":true,"audioPlay":false,"sceneViewState":{"m_AlwaysRefresh":false,"showFog":true,"showSkybox":true,"showFlares":true,"showImageEffects":true,"showParticleSystems":true,"showVisualEffectGraphs":true,"m_FxEnabled":true},"in2DMode":false,"pivot":{"x":-1.2693568468093873,"y":13.075945854187012,"z":0.1945069581270218},"rotation":{"x":-0.29233747720718386,"y":0.46752220392227175,"z":-0.1672224998474121,"w":-0.8173168897628784},"size":0.8660253882408142,"orthographic":false}