{"cameraMode":{"drawMode":0,"name":"Shaded","section":"Shading Mode"},"sceneLighting":true,"audioPlay":false,"sceneViewState":{"m_AlwaysRefresh":false,"showFog":true,"showSkybox":true,"showFlares":true,"showImageEffects":true,"showParticleSystems":true,"showVisualEffectGraphs":true,"m_FxEnabled":true},"in2DMode":false,"pivot":{"x":16.895505905151368,"y":9.334477424621582,"z":21.652862548828126},"rotation":{"x":0.11719637364149094,"y":-0.8616523742675781,"z":0.23152649402618409,"w":0.43616482615470889},"size":3.226818084716797,"orthographic":false}