{"cameraMode":{"drawMode":0,"name":"Shaded","section":"Shading Mode"},"sceneLighting":true,"audioPlay":false,"sceneViewState":{"m_AlwaysRefresh":false,"showFog":true,"showSkybox":true,"showFlares":true,"showImageEffects":true,"showParticleSystems":true,"showVisualEffectGraphs":true,"m_FxEnabled":true},"in2DMode":false,"pivot":{"x":12.889571189880371,"y":6.233679294586182,"z":30.266033172607423},"rotation":{"x":0.21205633878707887,"y":-0.687084436416626,"z":0.22115829586982728,"w":0.6588478088378906},"size":1.0767771005630494,"orthographic":false}