{"cameraMode":{"drawMode":0,"name":"Shaded","section":"Shading Mode"},"sceneLighting":true,"audioPlay":false,"sceneViewState":{"m_AlwaysRefresh":false,"showFog":true,"showSkybox":true,"showFlares":true,"showImageEffects":true,"showParticleSystems":true,"showVisualEffectGraphs":true,"m_FxEnabled":true},"in2DMode":false,"pivot":{"x":2.923863649368286,"y":3.7015938758850099,"z":19.08994483947754},"rotation":{"x":0.21517468988895417,"y":0.5522387623786926,"z":-0.15016433596611024,"w":0.7913175225257874},"size":1.9621303081512452,"orthographic":true}