{"cameraMode":{"drawMode":0,"name":"Shaded","section":"Shading Mode"},"sceneLighting":true,"audioPlay":false,"sceneViewState":{"m_AlwaysRefresh":false,"showFog":true,"showSkybox":true,"showFlares":true,"showImageEffects":true,"showParticleSystems":true,"showVisualEffectGraphs":true,"m_FxEnabled":true},"in2DMode":false,"pivot":{"x":9.209752082824707,"y":0.2895059585571289,"z":15.084426879882813},"rotation":{"x":-0.027298670262098314,"y":0.9365542531013489,"z":-0.34133827686309817,"w":-0.07490146160125733},"size":2.037907123565674,"orthographic":false}